﻿{"name":"Custom","dataColors":["#0D1F2D","#1D2E3D","#354656","#009F71","#EF9C1F","#FCFDF3","#FAE1DF","#EC1836","#3599B8","#DFBFBF","#4AC5BB","#5F6B6D","#FB8281","#F4D25A","#7F898A","#A4DDEE","#FDAB89","#B687AC","#28738A","#A78F8F","#168980","#293537","#BB4A4A","#B59525","#475052","#6A9FB0","#BD7150","#7B4F71","#1B4D5C","#706060","#0F5C55","#1C2325"],"bad":"#EC1836","neutral":"#EF9C1F","good":"#009F71","visualStyles":{"*":{"*":{"outspacePane":[{"backgroundColor":{"solid":{"color":"#0D1F2D"}},"foregroundColor":{"solid":{"color":"#FCFDF3"}},"checkboxAndApplyColor":{"solid":{"color":"#009F71"}}}]}},"page":{"*":{"background":[{"color":{"solid":{"color":"#FCFDF3"}},"transparency":0}],"outspace":[{"color":{"solid":{"color":"#0D1F2D"}}}]}}}}